{
  "version": "v43_binary_superbalanced",
  "format": "text_csi",
  "n_samples": 216,
  "n_features": 56,
  "n_classes": 2,
  "classes": [
    "empty",
    "present"
  ],
  "window_size": 7,
  "node_ips": [
    "192.168.0.137",
    "192.168.0.117",
    "192.168.0.143",
    "192.168.0.125",
    "192.168.0.110",
    "192.168.0.132",
    "192.168.0.153"
  ],
  "cv_f1_macro": 0.9842656758787676,
  "best_model": "HGB-200",
  "cv_results": {
    "GBM-300": {
      "mean_f1": 0.9582337858087652,
      "std": 0.03592657531602515,
      "folds": [
        0.9742840444184688,
        1.0,
        0.9488095238095238,
        0.9739866908650938,
        0.8940886699507389
      ]
    },
    "RF-500-balanced": {
      "mean_f1": 0.9732623330519298,
      "std": 0.02957386638774721,
      "folds": [
        0.9742840444184688,
        1.0,
        1.0,
        0.973006905210295,
        0.9190207156308852
      ]
    },
    "HGB-200": {
      "mean_f1": 0.9842656758787676,
      "std": 0.021108140855661324,
      "folds": [
        0.9742840444184688,
        1.0,
        1.0,
        1.0,
        0.9470443349753694
      ]
    }
  },
  "train_accuracy": 1.0,
  "label_counts": {
    "present": 144,
    "empty": 72
  },
  "empty_files": 43,
  "present_files": 46,
  "empty_windows": 39,
  "present_windows": 66
}